-- phpMyAdmin SQL Dump
-- version 4.1.6
-- http://www.phpmyadmin.net
--
-- Host: 127.0.0.1
-- Generation Time: 2017 年 10 朁E06 日 03:54
-- サーバのバージョン： 5.6.16
-- PHP Version: 5.5.9

SET SQL_MODE = "NO_AUTO_VALUE_ON_ZERO";
SET time_zone = "+00:00";


/*!40101 SET @OLD_CHARACTER_SET_CLIENT=@@CHARACTER_SET_CLIENT */;
/*!40101 SET @OLD_CHARACTER_SET_RESULTS=@@CHARACTER_SET_RESULTS */;
/*!40101 SET @OLD_COLLATION_CONNECTION=@@COLLATION_CONNECTION */;
/*!40101 SET NAMES utf8 */;

--
-- Database: `truefalse`
--

-- --------------------------------------------------------

--
-- テーブルの構造 `battle_result`
--

CREATE TABLE IF NOT EXISTS `battle_result` (
  `battle_id` int(11) NOT NULL,
  `logic_id` int(11) NOT NULL,
  `result` varchar(40) NOT NULL,
  `date` date NOT NULL,
  `start_time` time NOT NULL,
  `end_time` time NOT NULL,
  `first_second` varchar(40) NOT NULL,
  PRIMARY KEY (`battle_id`,`logic_id`)
) ENGINE=InnoDB DEFAULT CHARSET=sjis;

--
-- テーブルのデータのダンプ `battle_result`
--

INSERT INTO `battle_result` (`battle_id`, `logic_id`, `result`, `date`, `start_time`, `end_time`, `first_second`) VALUES
(1, 1, 'win', '2017-08-16', '17:19:18', '17:24:50', 'first'),
(1, 2, 'lose', '2017-08-16', '17:19:18', '17:24:50', 'second'),
(2, 1, 'win', '2017-08-17', '11:58:00', '11:58:09', 'first'),
(2, 3, 'lose', '2017-08-17', '11:58:00', '11:58:09', 'second'),
(3, 2, 'draw', '2017-08-17', '12:01:00', '12:01:25', 'first'),
(3, 4, 'draw', '2017-08-17', '12:01:00', '12:01:25', 'second'),
(4, 5, 'lose', '2017-09-25', '14:42:55', '14:43:14', 'first'),
(4, 6, 'win', '2017-09-25', '14:42:55', '14:43:14', 'second'),
(5, 5, 'lose', '2017-09-25', '15:03:01', '15:03:25', 'second'),
(5, 6, 'win', '2017-09-25', '15:03:01', '15:03:25', 'first'),
(6, 5, 'lose', '2017-09-25', '15:38:28', '15:39:03', 'first'),
(6, 6, 'win', '2017-09-25', '15:38:28', '15:39:03', 'second'),
(7, 7, 'win', '2017-09-28', '11:08:41', '11:08:42', 'first'),
(7, 8, 'lose', '2017-09-28', '11:08:41', '11:08:42', 'second'),
(8, 7, 'lose', '2017-09-28', '11:14:49', '11:14:49', 'second'),
(8, 8, 'win', '2017-09-28', '11:14:49', '11:14:49', 'first'),
(9, 7, 'win', '2017-09-28', '11:16:17', '11:16:18', 'first'),
(9, 8, 'lose', '2017-09-28', '11:16:17', '11:16:18', 'second'),
(10, 8, 'lose', '2017-10-02', '17:47:32', '17:47:32', 'second'),
(10, 9, 'win', '2017-10-02', '17:47:32', '17:47:32', 'first'),
(11, 8, 'lose', '2017-10-02', '17:56:25', '17:56:27', 'second'),
(11, 9, 'win', '2017-10-02', '17:56:25', '17:56:27', 'first'),
(12, 9, 'win', '2017-10-03', '09:54:24', '09:54:37', 'first'),
(12, 10, 'lose', '2017-10-03', '09:54:24', '09:54:37', 'second'),
(13, 9, 'win', '2017-10-03', '09:58:28', '09:58:33', 'first'),
(13, 10, 'lose', '2017-10-03', '09:58:28', '09:58:33', 'second'),
(14, 10, 'lose', '2017-10-03', '15:21:28', '15:22:34', 'second'),
(14, 11, 'win', '2017-10-03', '15:21:28', '15:22:34', 'first'),
(15, 9, 'lose', '2017-10-03', '15:32:59', '15:33:18', 'second'),
(15, 10, 'win', '2017-10-03', '15:32:59', '15:33:18', 'first'),
(16, 10, 'win', '2017-10-03', '15:51:52', '15:52:49', 'second'),
(16, 12, 'lose', '2017-10-03', '15:51:52', '15:52:49', 'first'),
(17, 6, 'lose', '2017-10-03', '15:56:04', '15:57:44', 'first'),
(17, 10, 'win', '2017-10-03', '15:56:04', '15:57:44', 'second'),
(18, 13, 'win', '2017-10-04', '11:52:24', '11:52:25', 'first'),
(18, 14, 'lose', '2017-10-04', '11:52:24', '11:52:25', 'second'),
(19, 13, 'win', '2017-10-04', '11:58:21', '11:58:21', 'first'),
(19, 14, 'lose', '2017-10-04', '11:58:21', '11:58:21', 'second'),
(20, 13, 'win', '2017-10-04', '13:16:21', '13:16:23', 'first'),
(20, 14, 'lose', '2017-10-04', '13:16:21', '13:16:23', 'second'),
(21, 12, 'lose', '2017-10-04', '13:24:27', '13:24:42', 'first'),
(21, 14, 'win', '2017-10-04', '13:24:27', '13:24:42', 'second'),
(22, 13, 'win', '2017-10-04', '13:35:51', '13:35:52', 'first'),
(22, 14, 'lose', '2017-10-04', '13:35:51', '13:35:52', 'second'),
(23, 13, 'lose', '2017-10-04', '13:37:10', '13:37:10', 'first'),
(23, 14, 'win', '2017-10-04', '13:37:10', '13:37:10', 'second'),
(24, 13, 'lose', '2017-10-04', '13:52:10', '13:52:10', 'first'),
(24, 14, 'win', '2017-10-04', '13:52:10', '13:52:10', 'second'),
(25, 12, 'lose', '2017-10-04', '13:56:25', '13:56:39', 'first'),
(25, 14, 'win', '2017-10-04', '13:56:25', '13:56:39', 'second'),
(26, 12, 'lose', '2017-10-04', '15:11:48', '15:12:58', 'first'),
(26, 14, 'win', '2017-10-04', '15:11:48', '15:12:58', 'second'),
(27, 12, 'lose', '2017-10-04', '17:04:39', '17:04:52', 'first'),
(27, 14, 'win', '2017-10-04', '17:04:39', '17:04:52', 'second'),
(28, 12, 'lose', '2017-10-04', '17:06:15', '17:07:24', 'first'),
(28, 14, 'win', '2017-10-04', '17:06:15', '17:07:24', 'second'),
(29, 14, 'draw', '2017-10-05', '14:58:32', '14:58:33', 'first'),
(29, 17, 'draw', '2017-10-05', '14:58:32', '14:58:33', 'second'),
(30, 17, 'lose', '2017-10-05', '15:01:40', '15:01:59', 'second'),
(30, 18, 'win', '2017-10-05', '15:01:40', '15:01:59', 'first'),
(31, 14, 'win', '2017-10-05', '16:24:43', '16:24:43', 'first'),
(31, 19, 'lose', '2017-10-05', '16:24:43', '16:24:43', 'second');

-- --------------------------------------------------------

--
-- テーブルの構造 `location`
--

CREATE TABLE IF NOT EXISTS `location` (
  `location_id` int(11) NOT NULL AUTO_INCREMENT,
  `battle_id` int(11) NOT NULL,
  `logic_id` int(11) NOT NULL,
  `location_x` int(11) NOT NULL,
  `location_y` int(11) NOT NULL,
  `turn` int(11) NOT NULL,
  `play_start` time NOT NULL,
  `play_end` time NOT NULL,
  PRIMARY KEY (`location_id`)
) ENGINE=InnoDB  DEFAULT CHARSET=sjis AUTO_INCREMENT=199 ;

--
-- テーブルのデータのダンプ `location`
--

INSERT INTO `location` (`location_id`, `battle_id`, `logic_id`, `location_x`, `location_y`, `turn`, `play_start`, `play_end`) VALUES
(1, 1, 1, 0, 0, 1, '17:19:18', '17:18:50'),
(2, 1, 2, 0, 1, 2, '17:20:18', '17:21:50'),
(3, 1, 1, 1, 1, 3, '17:21:18', '17:22:50'),
(4, 1, 2, 1, 2, 4, '17:22:18', '17:23:50'),
(5, 1, 1, 2, 2, 5, '17:23:18', '17:24:50'),
(6, 2, 1, 2, 2, 1, '11:58:00', '11:58:01'),
(7, 2, 3, 0, 1, 2, '11:58:02', '11:58:03'),
(8, 2, 1, 1, 1, 3, '11:58:04', '11:58:05'),
(9, 2, 3, 1, 0, 4, '11:58:06', '11:58:07'),
(10, 2, 1, 0, 0, 5, '11:58:08', '11:58:09'),
(11, 3, 2, 0, 0, 1, '12:01:00', '12:01:01'),
(12, 3, 4, 1, 1, 2, '12:01:03', '12:01:04'),
(13, 3, 2, 2, 2, 3, '12:01:06', '12:01:07'),
(14, 3, 4, 0, 1, 4, '12:01:09', '12:01:10'),
(15, 3, 2, 2, 1, 5, '12:01:12', '12:01:13'),
(16, 3, 4, 2, 0, 6, '12:01:15', '12:01:16'),
(17, 3, 2, 0, 2, 7, '12:01:18', '12:01:19'),
(18, 3, 4, 1, 2, 8, '12:01:21', '12:01:22'),
(19, 3, 2, 1, 0, 9, '12:01:24', '12:01:25'),
(20, 4, 5, 0, 0, 1, '14:34:01', '14:34:01'),
(21, 4, 6, 1, 1, 2, '14:34:01', '14:34:17'),
(22, 4, 5, 2, 0, 3, '14:34:17', '14:34:17'),
(23, 4, 6, 1, 0, 4, '14:34:17', '14:34:32'),
(24, 4, 5, 0, 2, 5, '14:34:32', '14:34:32'),
(25, 4, 6, 1, 2, 6, '14:34:32', '14:34:45'),
(26, 4, 5, 0, 0, 1, '14:42:55', '14:42:55'),
(27, 4, 6, 1, 1, 2, '14:42:55', '14:43:02'),
(28, 4, 5, 2, 0, 3, '14:43:03', '14:43:03'),
(29, 4, 6, 1, 0, 4, '14:43:03', '14:43:08'),
(30, 4, 5, 0, 2, 5, '14:43:09', '14:43:09'),
(31, 4, 6, 1, 2, 6, '14:43:09', '14:43:14'),
(32, 5, 6, 0, 0, 1, '15:03:01', '15:03:06'),
(33, 5, 5, 2, 0, 2, '15:03:06', '15:03:06'),
(34, 5, 6, 1, 1, 3, '15:03:07', '15:03:18'),
(35, 5, 5, 1, 0, 4, '15:03:18', '15:03:18'),
(36, 5, 6, 2, 2, 5, '15:03:18', '15:03:25'),
(37, 6, 5, 0, 0, 1, '15:38:28', '15:38:28'),
(38, 6, 6, 1, 1, 2, '15:38:28', '15:38:45'),
(39, 6, 5, 2, 0, 3, '15:38:45', '15:38:45'),
(40, 6, 6, 1, 0, 4, '15:38:46', '15:38:56'),
(41, 6, 5, 0, 2, 5, '15:38:56', '15:38:56'),
(42, 6, 6, 1, 2, 6, '15:38:56', '15:39:03'),
(43, 7, 7, 0, 0, 1, '10:43:55', '10:43:55'),
(44, 7, 8, 2, 0, 2, '10:43:55', '10:43:55'),
(45, 7, 7, 1, 0, 3, '10:43:55', '10:43:55'),
(46, 7, 7, 0, 0, 1, '10:48:35', '10:48:35'),
(47, 7, 8, 2, 0, 2, '10:48:35', '10:48:35'),
(48, 7, 7, 1, 0, 3, '10:48:35', '10:48:35'),
(49, 7, 7, 0, 0, 1, '11:08:41', '11:08:41'),
(50, 7, 8, 1, 0, 2, '11:08:41', '11:08:41'),
(51, 7, 7, 2, 0, 3, '11:08:41', '11:08:41'),
(52, 7, 8, 0, 1, 4, '11:08:41', '11:08:41'),
(53, 7, 7, 1, 1, 5, '11:08:41', '11:08:41'),
(54, 7, 8, 2, 2, 6, '11:08:41', '11:08:41'),
(55, 7, 7, 0, 2, 7, '11:08:42', '11:08:42'),
(56, 8, 8, 0, 2, 1, '11:14:49', '11:14:49'),
(57, 8, 7, 0, 0, 2, '11:14:49', '11:14:49'),
(58, 8, 8, 1, 2, 3, '11:14:49', '11:14:49'),
(59, 8, 7, 2, 0, 4, '11:14:49', '11:14:49'),
(60, 8, 8, 2, 2, 5, '11:14:49', '11:14:49'),
(61, 9, 7, 0, 0, 1, '11:16:17', '11:16:17'),
(62, 9, 8, 2, 2, 2, '11:16:17', '11:16:17'),
(63, 9, 7, 2, 0, 3, '11:16:18', '11:16:18'),
(64, 9, 8, 1, 1, 4, '11:16:18', '11:16:18'),
(65, 9, 7, 1, 0, 5, '11:16:18', '11:16:18'),
(66, 10, 9, 0, 0, 1, '17:47:32', '17:47:32'),
(67, 10, 8, 1, 1, 2, '17:47:32', '17:47:32'),
(68, 10, 9, 0, 1, 3, '17:47:32', '17:47:32'),
(69, 10, 8, 0, 2, 4, '17:47:32', '17:47:32'),
(70, 10, 9, 2, 0, 5, '17:47:32', '17:47:32'),
(71, 10, 9, 1, 0, 7, '17:47:32', '17:47:32'),
(72, 11, 9, 0, 0, 1, '17:56:25', '17:56:25'),
(73, 11, 8, 1, 1, 2, '17:56:26', '17:56:26'),
(74, 11, 9, 0, 1, 3, '17:56:26', '17:56:26'),
(75, 11, 8, 0, 2, 4, '17:56:26', '17:56:26'),
(76, 11, 9, 2, 0, 5, '17:56:26', '17:56:26'),
(77, 11, 9, 1, 0, 7, '17:56:27', '17:56:27'),
(78, 12, 9, 0, 0, 1, '09:54:24', '09:54:24'),
(79, 13, 9, 0, 0, 1, '09:58:28', '09:58:28'),
(80, 14, 10, 0, 0, 1, '14:43:39', '14:43:49'),
(81, 14, 11, 1, 1, 1, '15:07:52', '15:07:52'),
(82, 14, 11, 1, 1, 1, '15:21:28', '15:21:28'),
(83, 14, 10, 0, 0, 2, '15:21:31', '15:21:56'),
(84, 14, 11, 2, 0, 3, '15:21:56', '15:21:56'),
(85, 14, 10, 2, 2, 4, '15:22:03', '15:22:33'),
(86, 14, 11, 0, 2, 5, '15:22:34', '15:22:34'),
(87, 15, 9, 0, 0, 1, '15:29:43', '15:29:43'),
(88, 15, 9, 0, 0, 1, '15:30:55', '15:30:55'),
(89, 15, 10, 2, 2, 2, '15:30:55', '15:31:04'),
(90, 15, 9, 0, 2, 3, '15:31:04', '15:31:04'),
(91, 15, 10, 0, 1, 4, '15:31:04', '15:31:20'),
(92, 15, 10, 0, 0, 1, '15:32:59', '15:33:07'),
(93, 15, 9, 2, 2, 2, '15:33:07', '15:33:07'),
(94, 15, 10, 1, 0, 3, '15:33:07', '15:33:13'),
(95, 15, 9, 0, 2, 4, '15:33:13', '15:33:13'),
(96, 15, 10, 2, 0, 5, '15:33:13', '15:33:18'),
(97, 16, 12, 1, 1, 1, '15:51:52', '15:51:59'),
(98, 16, 10, 0, 0, 2, '15:51:59', '15:52:11'),
(99, 16, 12, 2, 1, 3, '15:52:12', '15:52:17'),
(100, 16, 10, 0, 1, 4, '15:52:18', '15:52:26'),
(101, 16, 12, 2, 2, 5, '15:52:26', '15:52:34'),
(102, 16, 10, 0, 2, 6, '15:52:34', '15:52:49'),
(103, 17, 6, 0, 0, 1, '15:56:04', '15:56:34'),
(104, 17, 10, 1, 1, 2, '15:56:34', '15:56:46'),
(105, 17, 6, 0, 1, 3, '15:56:46', '15:56:54'),
(106, 17, 10, 0, 2, 4, '15:56:54', '15:56:59'),
(107, 18, 10, 0, 0, 1, '16:01:33', '16:01:58'),
(108, 18, 12, 1, 1, 2, '16:01:58', '16:02:05'),
(109, 18, 10, 1, 1, 1, '16:04:15', '16:04:45'),
(110, 18, 12, 2, 1, 2, '16:04:46', '16:04:52'),
(111, 18, 13, 0, 0, 1, '11:52:24', '11:52:24'),
(112, 18, 14, 1, 1, 2, '11:52:25', '11:52:25'),
(113, 18, 13, 2, 2, 3, '11:52:25', '11:52:25'),
(114, 19, 13, 0, 0, 1, '11:58:21', '11:58:21'),
(115, 19, 14, 1, 1, 2, '11:58:21', '11:58:21'),
(116, 19, 13, 2, 2, 3, '11:58:21', '11:58:21'),
(117, 20, 13, 0, 0, 1, '13:16:21', '13:16:21'),
(118, 20, 14, 1, 1, 2, '13:16:22', '13:16:22'),
(119, 20, 13, 2, 2, 3, '13:16:22', '13:16:22'),
(120, 20, 14, 0, 2, 4, '13:16:22', '13:16:22'),
(121, 20, 13, 2, 0, 5, '13:16:22', '13:16:22'),
(122, 20, 14, 0, 1, 6, '13:16:23', '13:16:23'),
(123, 20, 13, 1, 0, 7, '13:16:23', '13:16:23'),
(124, 21, 14, 0, 2, 1, '13:20:13', '13:20:13'),
(125, 21, 13, 0, 0, 2, '13:20:13', '13:20:14'),
(126, 21, 14, 1, 1, 3, '13:20:14', '13:20:14'),
(127, 21, 12, 1, 1, 1, '13:24:27', '13:24:32'),
(128, 21, 14, 0, 0, 2, '13:24:32', '13:24:32'),
(129, 21, 12, 2, 2, 3, '13:24:32', '13:24:35'),
(130, 21, 14, 0, 2, 4, '13:24:35', '13:24:35'),
(131, 21, 12, 1, 0, 5, '13:24:35', '13:24:41'),
(132, 21, 14, 0, 1, 6, '13:24:41', '13:24:42'),
(133, 22, 13, 0, 0, 1, '13:35:51', '13:35:51'),
(134, 22, 14, 1, 1, 2, '13:35:51', '13:35:51'),
(135, 22, 13, 2, 2, 3, '13:35:51', '13:35:52'),
(136, 22, 14, 0, 2, 4, '13:35:52', '13:35:52'),
(137, 22, 13, 2, 0, 5, '13:35:52', '13:35:52'),
(138, 22, 14, 0, 1, 6, '13:35:52', '13:35:52'),
(139, 22, 13, 1, 0, 7, '13:35:52', '13:35:52'),
(140, 23, 13, 0, 0, 1, '13:37:10', '13:37:10'),
(141, 23, 14, 1, 1, 2, '13:37:10', '13:37:10'),
(142, 23, 13, 2, 2, 3, '13:37:10', '13:37:10'),
(143, 23, 14, 1, 0, 4, '13:37:10', '13:37:10'),
(144, 23, 13, 0, 2, 5, '13:37:10', '13:37:10'),
(145, 23, 14, 1, 2, 6, '13:37:10', '13:37:10'),
(146, 24, 13, 0, 0, 1, '13:52:10', '13:52:10'),
(147, 24, 14, 1, 1, 2, '13:52:10', '13:52:10'),
(148, 24, 13, 2, 2, 3, '13:52:10', '13:52:10'),
(149, 24, 14, 2, 1, 4, '13:52:10', '13:52:10'),
(150, 24, 13, 0, 2, 5, '13:52:10', '13:52:10'),
(151, 24, 14, 0, 1, 6, '13:52:10', '13:52:10'),
(152, 25, 12, 1, 1, 1, '13:56:25', '13:56:30'),
(153, 25, 14, 0, 0, 2, '13:56:30', '13:56:30'),
(154, 25, 12, 1, 2, 3, '13:56:30', '13:56:34'),
(155, 25, 14, 1, 0, 4, '13:56:34', '13:56:34'),
(156, 25, 12, 2, 2, 5, '13:56:34', '13:56:39'),
(157, 25, 14, 2, 0, 6, '13:56:39', '13:56:39'),
(158, 26, 12, 1, 1, 1, '15:11:48', '15:12:07'),
(159, 26, 14, 0, 0, 2, '15:12:07', '15:12:07'),
(160, 26, 12, 2, 2, 3, '15:12:07', '15:12:12'),
(161, 26, 14, 1, 0, 4, '15:12:12', '15:12:12'),
(162, 26, 12, 1, 2, 5, '15:12:12', '15:12:57'),
(163, 26, 14, 2, 0, 6, '15:12:58', '15:12:58'),
(164, 27, 12, 0, 0, 1, '17:04:39', '17:04:43'),
(165, 27, 14, 1, 1, 2, '17:04:43', '17:04:43'),
(166, 27, 12, 2, 2, 3, '17:04:43', '17:04:47'),
(167, 27, 14, 1, 2, 4, '17:04:47', '17:04:47'),
(168, 28, 12, 2, 2, 1, '17:06:15', '17:06:48'),
(169, 28, 14, 1, 1, 2, '17:06:48', '17:06:48'),
(170, 28, 12, 1, 2, 3, '17:06:48', '17:06:54'),
(171, 28, 14, 0, 2, 4, '17:06:54', '17:06:54'),
(172, 28, 12, 0, 0, 5, '17:06:54', '17:07:24'),
(173, 28, 14, 2, 0, 6, '17:07:24', '17:07:24'),
(174, 29, 14, 1, 2, 1, '17:08:56', '17:08:56'),
(175, 29, 14, 1, 0, 1, '13:52:08', '13:52:08'),
(176, 29, 16, 0, 0, 2, '13:52:08', '13:52:08'),
(177, 29, 14, 1, 1, 3, '13:52:08', '13:52:08'),
(178, 29, 14, 1, 0, 1, '14:58:32', '14:58:32'),
(179, 29, 17, 1, 1, 2, '14:58:32', '14:58:32'),
(180, 29, 14, 0, 1, 3, '14:58:32', '14:58:32'),
(181, 29, 17, 1, 2, 4, '14:58:32', '14:58:32'),
(182, 29, 14, 2, 2, 5, '14:58:32', '14:58:32'),
(183, 29, 17, 2, 1, 6, '14:58:32', '14:58:32'),
(184, 29, 14, 2, 0, 7, '14:58:32', '14:58:32'),
(185, 29, 17, 0, 0, 8, '14:58:33', '14:58:33'),
(186, 29, 14, 0, 2, 9, '14:58:33', '14:58:33'),
(187, 30, 18, 1, 1, 1, '15:01:40', '15:01:50'),
(188, 30, 17, 1, 0, 2, '15:01:50', '15:01:50'),
(189, 30, 18, 0, 0, 3, '15:01:50', '15:01:55'),
(190, 30, 17, 1, 2, 4, '15:01:56', '15:01:56'),
(191, 30, 18, 2, 2, 5, '15:01:56', '15:01:59'),
(192, 31, 14, 2, 1, 1, '16:24:43', '16:24:43'),
(193, 31, 19, 1, 1, 2, '16:24:43', '16:24:43'),
(194, 31, 14, 1, 0, 3, '16:24:43', '16:24:43'),
(195, 31, 19, 1, 2, 4, '16:24:43', '16:24:43'),
(196, 31, 14, 2, 0, 5, '16:24:43', '16:24:43'),
(197, 31, 19, 0, 1, 6, '16:24:43', '16:24:43'),
(198, 31, 14, 2, 2, 7, '16:24:43', '16:24:43');

-- --------------------------------------------------------

--
-- テーブルの構造 `logic`
--

CREATE TABLE IF NOT EXISTS `logic` (
  `logic_id` int(11) NOT NULL AUTO_INCREMENT,
  `logic_name` varchar(40) NOT NULL,
  `logic_writer` varchar(40) NOT NULL,
  `logic_ver` varchar(40) NOT NULL,
  PRIMARY KEY (`logic_id`)
) ENGINE=InnoDB  DEFAULT CHARSET=sjis AUTO_INCREMENT=20 ;

--
-- テーブルのデータのダンプ `logic`
--

INSERT INTO `logic` (`logic_id`, `logic_name`, `logic_writer`, `logic_ver`) VALUES
(1, 'Alogic', 'arahari', '0.1'),
(2, 'Blogic', 'takeru', '0.2'),
(3, 'Clogic', 'kanayama', '0.1'),
(4, 'Dlogic', 'hatsugai', '0.3'),
(5, 'ponkotsu', '荒張武', '0.1'),
(6, 'manual', '初谷惇志', '1.0'),
(7, 'ponkotsu', '荒張武', '0.2'),
(8, 'jyuunisai', '初谷惇志', '0.1'),
(9, 'nejihazure', '荒張武', '0.1'),
(10, 'manual', '初谷惇志', '1.1'),
(11, 'normalBrain', '金山秀和', '0.1'),
(12, 'manual', '荒張', '1.5'),
(13, '閃光強志', '荒張武', '0.1'),
(14, 'hatachi', '初谷惇志', '0.1'),
(15, '閃光強志', '荒張武', '0.2'),
(16, '蘇怜奈理', '荒張武', '0.1'),
(17, '蘇怜奈理', '荒張武', '0.2'),
(18, 'manual', '初谷惇志', '1.2'),
(19, 'Eyjafjallaj?kull', '荒張武', '0.1');

/*!40101 SET CHARACTER_SET_CLIENT=@OLD_CHARACTER_SET_CLIENT */;
/*!40101 SET CHARACTER_SET_RESULTS=@OLD_CHARACTER_SET_RESULTS */;
/*!40101 SET COLLATION_CONNECTION=@OLD_COLLATION_CONNECTION */;
